{"cameraMode":{"drawMode":0,"name":"Shaded","section":"Shading Mode"},"sceneLighting":true,"audioPlay":false,"sceneViewState":{"m_AlwaysRefresh":false,"showFog":true,"showSkybox":false,"showFlares":true,"showImageEffects":true,"showParticleSystems":true,"showVisualEffectGraphs":true,"m_FxEnabled":true},"in2DMode":false,"pivot":{"x":11.102457046508789,"y":-0.8505401611328125,"z":-0.6121120452880859},"rotation":{"x":0.15414957702159882,"y":0.8419877886772156,"z":-0.31868135929107668,"w":0.4073840081691742},"size":16.40501594543457,"orthographic":false}